CREATE DATABASE QUANLI_NHAHANG
GO
use QUANLI_NHAHANG
go
--USE MASTER 
--GO
--DROP DATABASE QUANLI_NHAHANG
--GO
--TẠO TABLE--

CREATE TABLE DOI_TUONG
(
	MANV NVARCHAR(50)NOT NULL,
	TAIKHOAN VARCHAR(50) NOT NULL PRIMARY KEY,
	MATKHAU VARCHAR(10),
	QUYEN NVARCHAR(50)
)
CREATE TABLE LOAI_MON
(
	MALOAI_MON NVARCHAR(50) NOT NULL PRIMARY KEY,
	TENLOAI_MON NVARCHAR(100),
	VITRI INT
)

CREATE TABLE MON_AN
(
	MAMON NVARCHAR(50) NOT NULL PRIMARY KEY,
	MALOAI_MON NVARCHAR(50) NOT NULL,
	TENMON NVARCHAR(100),
	GIA INT
)
--KHO
CREATE TABLE NGUYENLIEU
(
	MANGUYENLIEU NVARCHAR(50) NOT NULL PRIMARY KEY,
	MANCC NVARCHAR(50) NOT NULL,
	TEN_NGUYENLIEU nvarchar(50),
	KL_CONLAI INT,
)

CREATE TABLE CONGTHUC
(
	ID NVARCHAR(50) NOT NULL PRIMARY KEY,
	MAMON NVARCHAR(50) NOT NULL,
	MANGUYENLIEU NVARCHAR(50) NOT NULL,
	KHOILUONG INT,
	DVT nvarchar(20)
)

CREATE TABLE HOADON
(
	MAHD NVARCHAR(50) NOT NULL PRIMARY KEY,
	MANV NVARCHAR(50) NOT NULL,
	NGAY DATE,
	TONGMON int,
	TONGTIEN int
)

CREATE TABLE CT_HOADON
(
	MA_CTHD  NVARCHAR(50) not null PRIMARY KEY,
	MAHD NVARCHAR(50) not null,
	MAMON NVARCHAR(50) not null,
	SOLUONG int,
	GIA INT 
)

CREATE TABLE LUONG
(
	MALUONG NVARCHAR (50) NOT NULL PRIMARY KEY,
	MANV NVARCHAR(50) NOT NULL,
	THOIGIANVAO INT,
	PHUTVAO INT,
	THOIGIANRA INT,
	PHUTRA INT,
	SOGIOLAM float,
	NGAY DATE,
	KHAUTRU INT,
	LUONGNGAY float
)
CREATE TABLE NHANVIEN
(
	MANV NVARCHAR(50) NOT NULL PRIMARY KEY,
	TENNV nvarchar(100),
	DIACHI nvarchar(100),
	GIOITINH nvarchar(10),
	NGAYSINH datetime,
	SDT nvarchar(11),
	CHUCVU NVARCHAR(50) NOT NULL,
	LUONGCB int,
)
CREATE TABLE NHACC
(
	MANCC NVARCHAR(50) not null PRIMARY KEY,
	TENNCC nvarchar(50),
	DIENTHOAI int,
	DIACHI nvarchar(100),
)

CREATE TABLE PHIEUNHAP
(
	MAPN NVARCHAR(50) not null PRIMARY KEY,
	NGAYNHAP date,
	MANV NVARCHAR(50) NOT NULL,
	TONGTIEN int,
	TONGSL int,
	NOIDUNG NVARCHAR(max),
)
CREATE TABLE CT_PHIEUNHAP
(
	MA_CTPN  NVARCHAR(50) NOT NULL PRIMARY KEY,
	MAPN NVARCHAR(50) NOT NULL,
	MANGUYENLIEU NVARCHAR(50) NOT NULL,
	MANCC NVARCHAR(50) not null,
	GIA INT,
	SOLUONG INT,
)
CREATE TABLE TAM
(
	SOBAN INT NOT NULL PRIMARY KEY,
	MANV NVARCHAR(50) NOT NULL,
	NGAY DATE,
	TONGMON INT,
	TONGTIEN INT,
)
CREATE TABLE CT_TAM
(
	ID  NVARCHAR(50) not null PRIMARY KEY,
	SOBAN INT not null,
	MAMON NVARCHAR(50) not null,
	SOLUONG int,
	GIA INT 
)


--FOREIGN KEY
ALTER TABLE DOI_TUONG
ADD CONSTRAINT FK_DT_NV FOREIGN KEY (MANV) REFERENCES NHANVIEN(MANV)
ALTER TABLE MON_AN
ADD CONSTRAINT FK_MA_LM FOREIGN KEY (MALOAI_MON) REFERENCES LOAI_MON(MALOAI_MON)
ALTER TABLE HOADON
ADD CONSTRAINT FK_HD_NV FOREIGN KEY (MANV) REFERENCES NHANVIEN(MANV)
ALTER TABLE CT_HOADON
ADD CONSTRAINT FK_CTHD_MA FOREIGN KEY (MAMON) REFERENCES MON_AN(MAMON)
ALTER TABLE CT_HOADON
ADD CONSTRAINT FK_CTHD_HD FOREIGN KEY (MAHD) REFERENCES HOADON(MAHD)
ALTER TABLE LUONG
ADD CONSTRAINT FK_LUONG_NV FOREIGN KEY (MANV) REFERENCES NHANVIEN(MANV)
ALTER TABLE PHIEUNHAP
ADD CONSTRAINT FK_PN_NV FOREIGN KEY (MANV) REFERENCES NHANVIEN(MANV)
ALTER TABLE CT_PHIEUNHAP
ADD CONSTRAINT FK_CTPN_NGUYENLIEU FOREIGN KEY (MANGUYENLIEU) REFERENCES NGUYENLIEU(MANGUYENLIEU)
ALTER TABLE CT_PHIEUNHAP
ADD CONSTRAINT FK_CTPN_PN FOREIGN KEY (MAPN) REFERENCES PHIEUNHAP(MAPN)
ALTER TABLE NGUYENLIEU
ADD CONSTRAINT FK_NL_NCC FOREIGN KEY (MANCC) REFERENCES NHACC(MANCC)
ALTER TABLE CT_TAM
ADD CONSTRAINT FK_CT_TAM FOREIGN KEY(SOBAN) REFERENCES TAM(SOBAN)
ALTER TABLE CONGTHUC
ADD CONSTRAINT FK_CONGTHUC_MA FOREIGN KEY(MAMON) REFERENCES MON_AN(MAMON)
ALTER TABLE CONGTHUC
ADD CONSTRAINT FK_CONGTHUC_NL FOREIGN KEY(MANGUYENLIEU) REFERENCES NGUYENLIEU(MANGUYENLIEU)


-----nhập liệu-----
-- NHANVIEN---------
SET DATEFORMAT DMY; 
INSERT INTO NHANVIEN VALUES 
('NV01',N'Ngô Tích Vinh',N'39/7 Trần Quang Khải , Quận 1 HCM',N'Nam','09-09-2001','0977263652',N'QUẢN LÍ',80000),
('NV02',N'Nguyễn Thị Thanh Hoa',N'48 Bùi Thị Xuân , Quận Tân Bình HCM',N'Nữ','12-01-1999','0963071488',N'NHÀ CÁI ZHOA88',60000),
('NV03',N'Nguyễn Ngọc Thảo Quyên',N'39 Trương Thị Ngào , Quận 12 HCM',N'Nữ','24-12-2000','0983300149',N'THIÊN THẦN LỆ QUYÊN',50000),
('NV04',N'Vũ Ngọc Anh',N'12 Lê Lợi , Quận 1 HCM',N'Nữ','12-09-1998','0932634971',N'PART-TIME',25000),
('NV05',N'Phạm Thị Thúy Vi',N'140 Lê Trọng Tấn , Quận Tân Phú HCM',N'Nữ','05-01-2001','0346312770',N'PART-TIME',25000),
('NV06',N'Nguyễn Thị Thư',N'167 Quang Trung , Quận Gò Vấp HCM',N'Nữ','01-11-2000','0348242789',N'PART-TIME',25000),
('NV07',N'Nguyễn Thị Lệ Quỳnh',N'42 Tây Thạnh , Quận Tân Phú HCM',N'Nữ','23-07-2002','0327916792',N'PART-TIME',25000),
('NV08',N'Võ Thị Tuyết Nhung',N'52/11 Dương Đức Hiền , Quận Tân Phú HCM',N'Nữ','01-09-2001','0934263967',N'PART-TIME',25000),
('NV09',N'Lê Thị Tú Hảo',N'10 Trần Quang Khải , Quận 1 HCM',N'Nữ','12-01-1999','0354499599',N'PART-TIME',25000),
('NV10',N'Phùng Kim Yến',N'41 Nguyễn Ảnh Thủ , Quận 12 HCM',N'Nữ','20-11-2001','0909215728',N'PART-TIME',25000),
('NV11',N'Trần Ngọc Hiểu',N'12 Độc Lập , Quận Tân Phú HCM',N'Nam','09-07-1998','0938202193',N'PART-TIME',25000),
('NV12',N'Biện Hoàng Vinh',N'09 Trần Hưng Đạo , Quận 3 HCM',N'Nam','19-09-2000','0902353183',N'PART-TIME',25000),
('NV13',N'Lâm Gia Huy',N'11 Ngô Quyền , Quận 2 HCM',N'Nam','11-02-2002','0522944609',N'PART-TIME',25000),
('NV14',N'Phạm Minh Toàn',N'12 Nguyễn Trãi , Quận 8 HCM',N'Nam','10-08-2001','0901395705',N'PART-TIME',80000),
('NV15',N'Nguyễn Thị Thanh Tuyền',N'09 Trần Vinh , Quận 6 HCM',N'Nữ','01-02-2001','0367531861',N'PART-TIME',25000),
('NV16',N'Đoàn Thị Khánh',N'73 Trần Vinh , Quận 6 HCM',N'Nữ','01-02-2001','0367531861',N'MÁ KHÁNH',25000)

-- DOI_TUONG---
INSERT INTO DOI_TUONG VALUES 
('NV01','admin1','123','ADMIN'),
('NV02','admin2','1234','ADMIN'),
('NV03','admin3','12345','ADMIN'),
('NV04','user4','123','USER'),
('NV05','user5','123','USER'),
('NV06','user6','123','USER'),
('NV07','user7','123','USER'),
('NV08','user8','123','USER'),
('NV09','user9','123','USER'),
('NV10','user10','123','USER'),
('NV11','user11','123','USER'),
('NV12','user12','123','USER'),
('NV13','user13','123','USER'),
('NV14','user14','123','USER'),
('NV15','user15','123','USER')
--- LOAI_MON-----
INSERT INTO LOAI_MON VALUES 
('IDLMON01','PREMIUM STEAK',1),
('IDLMON02','PEPPER RICE',1),
('IDLMON03','JAPANESE CLASSICS',1),
('IDLMON04','TEPPAN PASTA',1),
('IDLMON05','CHEESY OMELETTE',2),
('IDLMON06','SIZZING CURRY RICE',2),
('IDLMON07','SPECIAL COMBO',2),
('IDLMON08',N'MÓN THÊM',4),
('IDLMON09','COMBO',3),
('IDLMON10',N'NƯỚC UỐNG',3),
('IDLMON11',N'MÓN PHỤ',4),
('IDLMON12',N'KEM',4)
------MON_AN------
--MON_AN PREMIUM STEAK---
INSERT INTO MON_AN VALUES ('MAMON01','IDLMON01',N'The Giant',369000)
INSERT INTO MON_AN VALUES ('MAMON02','IDLMON01',N'RibEye Steak',299000)
INSERT INTO MON_AN VALUES ('MAMON03','IDLMON01',N'Pepper Steak',239000)
INSERT INTO MON_AN VALUES ('MAMON04','IDLMON01',N'Hitokuchi Steak',369000)
INSERT INTO MON_AN VALUES ('MAMON05','IDLMON01',N'Hamburger Eggs',169000)

--MON_AN PEPPER RICE----
INSERT INTO MON_AN VALUES ('MAMON06','IDLMON02',N'Supreme PPR',109000)
INSERT INTO MON_AN VALUES ('MAMON07','IDLMON02',N'Jumbo Beef PPR',149000)
INSERT INTO MON_AN VALUES ('MAMON08','IDLMON02',N'Beef PPR',99000)
INSERT INTO MON_AN VALUES ('MAMON09','IDLMON02',N'Chick PPR',89000)
INSERT INTO MON_AN VALUES ('MAMON10','IDLMON02',N'Salmon PPR',139000)
INSERT INTO MON_AN VALUES ('MAMON11','IDLMON02',N'Curry Beef PPR',109000)
INSERT INTO MON_AN VALUES ('MAMON12','IDLMON02',N'Curry Chick PPR',99000)
INSERT INTO MON_AN VALUES ('MAMON13','IDLMON02',N'Vegetable PPR',79000)
--MON_AN JAPANESE CLASSICS----
INSERT INTO MON_AN VALUES ('MAMON14','IDLMON03',N'Beef Yaki',169000)
INSERT INTO MON_AN VALUES ('MAMON15','IDLMON03',N'Rib Finger',199000)
INSERT INTO MON_AN VALUES ('MAMON16','IDLMON03',N'Beef Sukiyaki',189000)
INSERT INTO MON_AN VALUES ('MAMON17','IDLMON03',N'Salmon Sukiyaki',219000)
INSERT INTO MON_AN VALUES ('MAMON18','IDLMON03',N'Chick Teriyaki Eggs',149000)
INSERT INTO MON_AN VALUES ('MAMON19','IDLMON03',N'Salmon Teriyaki Eggs',209000)
--MON_AN TEPPAN PASTA----
INSERT INTO MON_AN VALUES ('MAMON20','IDLMON04',N'Beef Aglio Olio',139000)
INSERT INTO MON_AN VALUES ('MAMON21','IDLMON04',N'Chick Aglio Olio',119000)
INSERT INTO MON_AN VALUES ('MAMON22','IDLMON04',N'Chick Tomato',149000)
INSERT INTO MON_AN VALUES ('MAMON23','IDLMON04',N'Salmon Cream',139000)
--MON_AN CHEESY OMELETTE----
INSERT INTO MON_AN VALUES ('MAMON24','IDLMON05',N'Cheesy Hamburger',199000)
INSERT INTO MON_AN VALUES ('MAMON25','IDLMON05',N'Cheesy Beef',169000)
INSERT INTO MON_AN VALUES ('MAMON26','IDLMON05',N'Cheesy Chick',169000)
--MON_AN SIZZING CURRY RICE---
INSERT INTO MON_AN VALUES ('MAMON27','IDLMON06',N'Curry Mushroom',139000)
INSERT INTO MON_AN VALUES ('MAMON28','IDLMON06',N'Curry Hamburger',179000)
INSERT INTO MON_AN VALUES ('MAMON29','IDLMON06',N'Curry Beef,Hamburger',169000)
INSERT INTO MON_AN VALUES ('MAMON30','IDLMON06',N'Curry Chick,Shrimp',169000)
--MON_AN SPECIAL COMBO---
INSERT INTO MON_AN VALUES ('MAMON31','IDLMON07',N'Ultimate Beef',299000)
INSERT INTO MON_AN VALUES ('MAMON32','IDLMON07',N'Beef Trio',249000)
INSERT INTO MON_AN VALUES ('MAMON33','IDLMON07',N'Meat Trio',199000)
INSERT INTO MON_AN VALUES ('MAMON34','IDLMON07',N'Dice cut Hamburger',199000)
INSERT INTO MON_AN VALUES ('MAMON35','IDLMON07',N'BBQ Beef Chick',179000) 
INSERT INTO MON_AN VALUES ('MAMON36','IDLMON07',N'BBQ Beef Ham',189000) 
INSERT INTO MON_AN VALUES ('MAMON37','IDLMON07',N'Salmon Chick',189000)
INSERT INTO MON_AN VALUES ('MAMON38','IDLMON07',N'Vegetable Dish',89000)
--MON_AN THEM---
INSERT INTO MON_AN VALUES ('MAMON39','IDLMON08',N'Nấm',12000)
INSERT INTO MON_AN VALUES ('MAMON40','IDLMON08',N'Đậu cô ve',7000)
INSERT INTO MON_AN VALUES ('MAMON41','IDLMON08',N'Thịt bò',30000)
INSERT INTO MON_AN VALUES ('MAMON42','IDLMON08',N'Cá hồi',30000)
INSERT INTO MON_AN VALUES ('MAMON43','IDLMON08',N'Bắp ngọt',5000)
INSERT INTO MON_AN VALUES ('MAMON44','IDLMON08',N'Xúc xích phô mai',15000)
INSERT INTO MON_AN VALUES ('MAMON45','IDLMON08',N'Gà',20000)
INSERT INTO MON_AN VALUES ('MAMON46','IDLMON08',N'Tôm',30000)
INSERT INTO MON_AN VALUES ('MAMONBPS1','IDLMON08',N'GIÁ ĐỖ',12000)--MAMONBONOUS PREMIUM STEAK
INSERT INTO MON_AN VALUES ('MAMONBPS2','IDLMON08',N'BẮP CẢI',12000)
INSERT INTO MON_AN VALUES ('MAMONBJC1','IDLMON08',N'TRỨNG',10000)--MAMONBONOUS JAPANESE CLASSIC
INSERT INTO MON_AN VALUES ('MAMONBJC2','IDLMON08',N'PHÔ MAI',15000)
--MON_AN THEM---
INSERT INTO MON_AN VALUES ('MAMON47','IDLMON09',N'Set A',30000)
INSERT INTO MON_AN VALUES ('MAMON48','IDLMON09',N'Set B',40000)
--MON_AN Nước uống---
INSERT INTO MON_AN VALUES ('MAMON49','IDLMON10',N'Pessi',20000)
INSERT INTO MON_AN VALUES ('MAMON50','IDLMON10',N'Mirinda',20000)
INSERT INTO MON_AN VALUES ('MAMON51','IDLMON10',N'7 Up',20000)
INSERT INTO MON_AN VALUES ('MAMON52','IDLMON10',N'Aquafina',20000)
INSERT INTO MON_AN VALUES ('MAMON53','IDLMON10',N'Pessi Light',20000)
INSERT INTO MON_AN VALUES ('MAMON54','IDLMON10',N'Ô long tea',20000)
INSERT INTO MON_AN VALUES ('MAMON55','IDLMON10',N'Trà xanh Nhật Bản (nóng)',20000)
INSERT INTO MON_AN VALUES ('MAMON56','IDLMON10',N'Trà chanh đá',20000)
INSERT INTO MON_AN VALUES ('MAMON57','IDLMON10',N'Milo',20000)
INSERT INTO MON_AN VALUES ('MAMON58','IDLMON10',N'SG special beer',29000)
--MON_AN mon phu---
INSERT INTO MON_AN VALUES ('MAMON59','IDLMON11',N'Khoai tây nghiền',22000)
INSERT INTO MON_AN VALUES ('MAMON60','IDLMON11',N'Đậu nhật',28000)
INSERT INTO MON_AN VALUES ('MAMON61','IDLMON11',N'Súp Miso',28000)
INSERT INTO MON_AN VALUES ('MAMON62','IDLMON11',N'Salad',22000)
--MON_AN Kem---
INSERT INTO MON_AN VALUES ('MAMON63','IDLMON12',N'Kem caramel',25000)
INSERT INTO MON_AN VALUES ('MAMON64','IDLMON12',N'Kem Yuzu',25000)
INSERT INTO MON_AN VALUES ('MAMON65','IDLMON12',N'Kem Choco Nuts',25000)
INSERT INTO MON_AN VALUES ('MAMON66','IDLMON12',N'Kem dâu',25000)
---LUONG-----
-----NHACC-----
INSERT INTO NHACC VALUES 
('CC01',N'Chợ Rau Chú 4',0905255603,N'Xã Ninh Tây- thị xã Ninh Hòa-tỉnh Khánh Hòa '),
('CC02',N'CÔNG TY CP Anh Di CÁ ',01223636797,N'Văn phòng : 43 Lê Thị Hồng, P 17, Quận Gò Vấp, TPHCM '),
('CC03',N'Công Ty TNHH 7 Gà',0905255603,N'122-174 Dương Quảng Hàm, phường 5, Gò Vấp, Hồ Chí Minh, Việt Nam '),
('CC04',N'Công Ty CP Hoàng Hí Hửng',0283820175,N'61 Nguyễn Văn Giai, P. Đa Kao, Q. 1, Tp. Hồ Chí Minh (TPHCM), Việt Nam '),
('CC05',N'Cơ sở Gạo Chú 12',01882884509,N'37 Trương Thị Ngào , P. Trung Mỹ Tây,Q.12, tp HCM '),
('CC06',N'Công Ty Giải Khát Chị 13',01882884509,N'37 Trương Thị Ngào , P. Trung Mỹ Tây,Q.12, tp HCM '),
('CC07',N'Nhập Khẩu Từ Nhật',01882884509,N'37 Trương Thị Ngào , P. Trung Mỹ Tây,Q.12, tp HCM ')



---NGUYENLIEU-----

INSERT INTO NGUYENLIEU
(MANGUYENLIEU,MANCC,TEN_NGUYENLIEU,KL_CONLAI) 
VALUES 
('NL0001','CC04',N'Thịt bò Úc Tiêu Đen Miếng',1000),
('NL0002','CC04',N'Thịt bò Mỹ Tiêu Đen',1000),
('NL0003','CC04',N'Thịt bò Úc RibEye',1000),
('NL0004','CC04',N'Mông Bò Hitokuchi',1000),
('NL0005','CC03',N'Thịt Gà Miếng',1000),
('NL0006','CC03',N'Thịt Gà Vụn',1000),
('NL0007','CC02',N'Cá Hồi Miếng',1000),
('NL0008','CC02',N'Cá Hồi Lát',1000),
('NL0009','CC04',N'HAM bơ gơ',1000),
('NL0010','CC04',N'Dẻ sườn bò',1000),
('NL0011','CC02',N'Tôm',1000),
('NL0012','CC04',N'Sausage',1000),
('NL0013','CC01',N'Giá',1000),
('NL0014','CC01',N'Đậu que dài',1000),
('NL0015','CC01',N'Bắp ngọt',1000),
('NL0016','CC03',N'Trứng',1000),
('NL0017','CC01',N'Hành',1000),
('NL0018','CC01',N'Bắp Cải',1000),
('NL0019','CC01',N'Nấm',1000),
('NL0020','CC01',N'Đậu Hủ',1000),
('NL0021','CC01',N'Cà Rốt',1000),
('NL0022','CC01',N'Salad',1000),
('NL0023','CC05',N'Gạo',1000),
('NL0024','CC05',N'Bột Kem',1000),
('NL0025','CC06',N'Nước Ngọt',1000),
('NL0026','CC01',N'BỘT KHOAI NGHIỀN',1000),
('NL0027','CC01',N'Phô Mai',1000),
('NL0028','CC01',N'Mì',1000),
('NL0029','CC07',N'Sốt Cà Chua',1000),
('NL0030','CC07',N'Sốt nâu',1000),
('NL0031','CC07',N'Sốt kem',1000),
('NL0032','CC07',N'Sốt Cà ri',1000)




--khi thêm 1 món -> gửi mã món qua bảng chế biến , rồi sau đó ds[] nguyên liệu , manl > qua kho trừ đi KL
---hqua tới đây 
INSERT INTO CONGTHUC
(ID,MAMON,MANGUYENLIEU,KHOILUONG,DVT)
VALUES
--giant
('ID001','MAMON01','NL0003',230,'gam'),
('ID002','MAMON01','NL0026',60,'gam'),
('ID003','MAMON01','NL0015',5,'gam'),
('ID004','MAMON01','NL0014',5,'gam'),
('ID005','MAMON01','NL0023',210,'gam'),

--bit tet ribeye 160g
('ID006','MAMON02','NL0003',230,'gam'),
('ID007','MAMON02','NL0026',60,'gam'),
('ID008','MAMON02','NL0015',5,'gam'),
('ID009','MAMON02','NL0014',5,'gam'),
('ID010','MAMON02','NL0023',210,'gam'),
--bo uc tieu den 130g
('ID011','MAMON03','NL0001',130,'gam'),
('ID012','MAMON03','NL0013',5,'gam'),
('ID013','MAMON03','NL0014',5,'gam'),
('ID014','MAMON03','NL0015',5,'gam'),
('ID015','MAMON03','NL0023',210,'gam'),
	
--bit tet diced cut
('ID016','MAMON04','NL0004',200,'gam'),
('ID017','MAMON04','NL0013',20,'gam'),
('ID018','MAMON04','NL0014',20,'gam'),
('ID019','MAMON04','NL0015',5,'gam'),
('ID020','MAMON04','NL0016',1,'Trứng'),--trứng
('ID021','MAMON04','NL0023',210,'gam'),
--double ham
('ID022','MAMON05','NL0009',140,'gam'),
('ID023','MAMON05','NL0013',20,'gam'),
('ID024','MAMON05','NL0014',20,'gam'),
('ID025','MAMON05','NL0015',5,'gam'),
('ID026','MAMON05','NL0023',210,'gam'),
-- món 6 supreme
('ID027','MAMON06','NL0002',30,'gam'),--bò lát
('ID028','MAMON06','NL0006',30,'gam'),--gà vụn
('ID029','MAMON06','NL0011',30,'gam'),--tôm
('ID030','MAMON06','NL0017',5,'gam'),--hành
('ID031','MAMON06','NL0015',5,'gam'),--bắp
('ID032','MAMON06','NL0016',1,'trứng'),--trứng
('ID033','MAMON06','NL0023',190,'gam'),--cơm
--món 7 beef rice
('ID034','MAMON07','NL0002',160,'gam'),--bò lát
('ID035','MAMON07','NL0017',5,'gam'),--hành
('ID036','MAMON07','NL0015',5,'gam'),--bắp
('ID037','MAMON07','NL0023',210,'gam'),--cơm
--món 8
('ID038','MAMON08','NL0002',80,'gam'),--bò lát
('ID039','MAMON08','NL0017',5,'gam'),--hành
('ID040','MAMON08','NL0015',5,'gam'),--bắp
('ID041','MAMON08','NL0023',190,'gam'),--cơm
--món 9
('ID042','MAMON09','NL0006',90,'gam'),--gà vụn
('ID043','MAMON09','NL0017',5,'gam'),--hành
('ID044','MAMON09','NL0015',5,'gam'),--bắp
('ID045','MAMON09','NL0023',190,'gam'),--cơm
--món 10
('ID046','MAMON10','NL0008',80,'gam'),--cá hồi lát
('ID047','MAMON10','NL0017',5,'gam'),--hành
('ID048','MAMON10','NL0015',5,'gam'),--bắp
('ID049','MAMON10','NL0023',190,'gam'),--cơm
--món 11 ca ri bo
('ID050','MAMON11','NL0002',80,'gam'),--bò lát
('ID051','MAMON11','NL0017',5,'gam'),--hành
('ID052','MAMON11','NL0015',5,'gam'),--bắp
('ID053','MAMON11','NL0023',210,'gam'),--cơm
--món 12 ca ri ga
('ID054','MAMON12','NL0006',90,'gam'),--gà vụn
('ID055','MAMON12','NL0017',5,'gam'),--hành
('ID056','MAMON12','NL0015',5,'gam'),--bắp
('ID057','MAMON12','NL0023',190,'gam'),--cơm
--món 13 com chay
('ID058','MAMON13','NL0013',20,'gam'),--giá
('ID059','MAMON13','NL0014',20,'gam'),--đậu dài
('ID060','MAMON13','NL0017',5,'gam'),--hành
('ID061','MAMON13','NL0019',20,'gam'),--nấm
('ID062','MAMON13','NL0020',40,'gam'),--đậu hủ
('ID063','MAMON13','NL0021',5,'gam'),--cà rốt
('ID064','MAMON13','NL0023',190,'gam'),--cơm
--món 14 bò yaki
('ID065','MAMON14','NL0002',110,'gam'),--bò mỹ
('ID066','MAMON14','NL0013',20,'gam'),--giá
('ID067','MAMON14','NL0014',20,'gam'),--đậu dài
('ID068','MAMON14','NL0017',5,'gam'),--hành
('ID069','MAMON14','NL0015',5,'gam'),--bắp
('ID070','MAMON14','NL0016',1,'trứng'),--trứng
('ID071','MAMON14','NL0023',210,'gam'),--cơm
--món 15 dẻ sườn bò
('ID072','MAMON15','NL0010',200,'gam'),--dẻ sườn
('ID073','MAMON15','NL0018',20,'gam'),--bắp cải
('ID074','MAMON15','NL0014',5,'gam'),--đậu dài
('ID075','MAMON15','NL0015',5,'gam'),--bắp
('ID076','MAMON15','NL0023',210,'gam'),--cơm
--món 16
('ID077','MAMON16','NL0002',120,'gam'),--bò mỹ
('ID078','MAMON16','NL0020',20,'gam'),--đậu hủ
('ID079','MAMON16','NL0014',5,'gam'),--đậu dài
('ID080','MAMON16','NL0015',5,'gam'),--bắp
('ID081','MAMON16','NL0016',1,'trứng'),--trứng
('ID082','MAMON16','NL0023',210,'gam'),--cơm
--món 17
('ID083','MAMON17','NL0007',140,'gam'),--cá hồi miếng
('ID084','MAMON17','NL0020',40,'gam'),--đậu hủ
('ID085','MAMON17','NL0014',5,'gam'),--đậu dài
('ID086','MAMON17','NL0015',5,'gam'),--bắp
('ID087','MAMON17','NL0016',1,'trứng'),--trứng
('ID088','MAMON17','NL0023',210,'gam'),--cơm
--món 18
('ID089','MAMON18','NL0005',100,'gam'),--gà miếng
('ID090','MAMON18','NL0018',20,'gam'),--bắp cải
('ID091','MAMON18','NL0014',5,'gam'),--đậu dài
('ID092','MAMON18','NL0017',5,'gam'),--hành
('ID093','MAMON18','NL0015',5,'gam'),--bắp
('ID094','MAMON18','NL0016',1,'trứng'),--trứng
('ID095','MAMON18','NL0023',210,'gam'),--cơm
--món 19
('ID096','MAMON19','NL0007',140,'gam'),--cá hồi miếng
('ID097','MAMON19','NL0018',20,'gam'),--bắp cải
('ID098','MAMON19','NL0014',5,'gam'),--đậu dài
('ID099','MAMON19','NL0017',5,'gam'),--hành
('ID100','MAMON19','NL0015',5,'gam'),--bắp
('ID101','MAMON19','NL0016',1,'trứng'),--trứng
('ID102','MAMON19','NL0023',210,'gam'),--cơm
--món 20
('ID103','MAMON20','NL0028',200,'gam'),--mì
('ID104','MAMON20','NL0002',80,'gam'),--bò mỹ
--món 21
('ID105','MAMON21','NL0028',200,'gam'),--mì
('ID106','MAMON21','NL0006',90,'gam'),--gà vụn
--món 22
('ID107','MAMON22','NL0028',200,'gam'),--mì
('ID108','MAMON22','NL0006',60,'gam'),--gà vụn
('ID109','MAMON22','NL0012',50,'gam'),--suc sich
('ID110','MAMON22','NL0029',140,'gam'),--sốt cà chua
--món 23
('ID111','MAMON23','NL0028',200,'gam'),--mì
('ID112','MAMON23','NL0008',60,'gam'),--cá lát
('ID113','MAMON23','NL0011',30,'gam'),--tôm
('ID114','MAMON23','NL0031',140,'gam'),--sốt kem
---món 24 cơm trứng phomai hambogo
('ID115','MAMON24','NL0023',190,'gam'),--gạo
('ID116','MAMON24','NL0027',20,'gam'),--phô mai
('ID117','MAMON24','NL0009',140,'gam'),--hambogo
('ID118','MAMON24','NL0016',2,'trứng'),--trung
--món 25 cơm trúng phô mai vs bò
('ID119','MAMON25','NL0002',80,'gam'),--bò
('ID120','MAMON25','NL0023',190,'gam'),--gạo
('ID121','MAMON25','NL0027',20,'gam'),--phô mai
('ID122','MAMON25','NL0016',2,'trứng'),--trung
--món 26 com trứng phô mai vs gà
('ID123','MAMON26','NL0005',100,'gam'),--gà miếng
('ID124','MAMON26','NL0023',190,'gam'),--gạo
('ID125','MAMON26','NL0027',20,'gam'),--phô mai
('ID126','MAMON26','NL0016',2,'trứng'),--hambogo
--món 27 cơm cà ri gà vs nấm
('ID127','MAMON27','NL0023',190,'gam'),--gạo
('ID128','MAMON27','NL0019',50,'gam'),--nấm
('ID129','MAMON27','NL0015',5,'gam'),--bắp
('ID130','MAMON27','NL0006',90,'gam'),--gà
-- món 28 cơm cà ri hambogo 
('ID131','MAMON28','NL0023',190,'gam'),--gạo
('ID132','MAMON28','NL0015',5,'gam'),--bắp
('ID133','MAMON28','NL0009',140,'gam'),--hambogo
('ID134','MAMON28','NL0032',90,'gam'),--sốt cà ri

--món 29 cơm cà ri bò và hambogo
('ID135','MAMON29','NL0023',190,'gam'),--gạo
('ID136','MAMON29','NL0015',5,'gam'),--bắp
('ID137','MAMON29','NL0002',80,'gam'),--bò
('ID138','MAMON29','NL0009',70,'gam'),--hambogo
('ID139','MAMON29','NL0032',90,'gam'),--sốt cà ri


--món 30 cơm cari tôm vs gà
('ID140','MAMON30','NL0023',190,'gam'),--gạo
('ID141','MAMON30','NL0015',5,'gam'),--bắp
('ID142','MAMON30','NL0011',30,'gam'),--tôm
('ID143','MAMON30','NL0006',60,'gam'),--gà
('ID144','MAMON30','NL0032',90,'gam'),--sốt cà ri

--món 31 thập cẩm siêu khủng
('ID145','MAMON31','NL0002',75,'gam'),--bò
('ID146','MAMON31','NL0012',70,'gam'),--suc sich
('ID147','MAMON31','NL0009',75,'gam'),--hambogo
('ID148','MAMON31','NL0004',75,'gam'),--hito
('ID149','MAMON31','NL0015',5,'gam'),--bắp
('ID150','MAMON31','NL0005',50,'gam'),--gà
('ID151','MAMON31','NL0014',5,'gam'),--đậu dài
('ID152','MAMON31','NL0023',210,'gam'),--gạo

--món 32 bò ba món thượng hạng
('ID153','MAMON32','NL0014',5,'gam'),--đậu dài
('ID154','MAMON32','NL0015',5,'gam'),--bắp
('ID155','MAMON32','NL0002',75,'gam'),--bò 
('ID156','MAMON32','NL0004',75,'gam'),--hito
('ID157','MAMON32','NL0009',70,'gam'),--hambogo
('ID158','MAMON32','NL0023',210,'gam'),--gạo


--món 33 thịt 3 món thượng hạng
('ID159','MAMON33','NL0014',5,'gam'),--đậu dài
('ID160','MAMON33','NL0015',5,'gam'),--bắp
('ID161','MAMON33','NL0002',75,'gam'),--bò 
('ID162','MAMON33','NL0009',70,'gam'),--hambogo
('ID163','MAMON33','NL0005',75,'gam'),--gà
('ID164','MAMON33','NL0023',210,'gam'),--gạo

--món 34 diced cut & hambogo
('ID165','MAMON34','NL0004',75,'gam'),--bò miếng tiêu đen
('ID166','MAMON34','NL0014',5,'gam'),--đậu dài
('ID167','MAMON34','NL0015',5,'gam'),--bắp
('ID168','MAMON34','NL0009',70,'gam'),--hambogo
('ID169','MAMON34','NL0005',20,'gam'),--giá
('ID170','MAMON34','NL0023',210,'gam'),--gạo

--món 35
('ID171','MAMON35','NL0002',75,'gam'),--bò mỹ
('ID172','MAMON35','NL0005',100,'gam'),--gà
('ID173','MAMON35','NL0015',5,'gam'),--bắp
('ID174','MAMON35','NL0013',20,'gam'),--giá
('ID175','MAMON35','NL0014',5,'gam'),--đậu dài
('ID176','MAMON35','NL0023',210,'gam'),--gạo

--món 36 bò mỹ sốt bbq va hambogo
('ID177','MAMON36','NL0002',75,'gam'),--bò mỹ
('ID178','MAMON36','NL0015',5,'gam'),--bắp
('ID179','MAMON36','NL0014',5,'gam'),--đậu dài
('ID180','MAMON36','NL0013',20,'gam'),--giá
('ID181','MAMON36','NL0009',70,'gam'),--hambogo
('ID182','MAMON36','NL0023',210,'gam'),--gạo

--món 37 cá hồi bitte gà 
('ID183','MAMON37','NL0005',75,'gam'),--gà
('ID184','MAMON37','NL0007',70,'gam'),--cá miếng
('ID185','MAMON37','NL0015',5,'gam'),--bắp
('ID186','MAMON37','NL0013',20,'gam'),--giá
('ID187','MAMON37','NL0014',20,'gam'),--đậu dài
('ID188','MAMON37','NL0023',210,'gam'),--gạo

--món 38 rau tổng hợp cơm 
('ID189','MAMON38','NL0023',190,'gam'),--gạo
('ID190','MAMON38','NL0015',5,'gam'),--bắp
('ID191','MAMON38','NL0014',5,'gam'),--đậu dài
('ID192','MAMON38','NL0017',5,'gam'),--hành
('ID193','MAMON38','NL0019',40,'gam'),--nấm
('ID194','MAMON38','NL0020',40,'gam'),--đậu hủ
('ID195','MAMON38','NL0021',5,'gam'),--cà rốt
-- các loại sốt , món phụ
('ID196','MAMON47','NL0025',500,'ml'),--nước ngọt
('ID197','MAMON48','NL0025',500,'ml'),--
('ID198','MAMON49','NL0025',500,'ml'),--
('ID199','MAMON50','NL0025',500,'ml'),--
('ID200','MAMON51','NL0025',500,'ml'),--
('ID201','MAMON52','NL0025',500,'ml'),--
('ID202','MAMON53','NL0025',500,'ml'),--
('ID203','MAMON54','NL0025',500,'ml'),--
('ID204','MAMON55','NL0025',500,'ml'),--
('ID205','MAMON56','NL0025',500,'ml'),--
('ID206','MAMON57','NL0025',500,'ml'),--
('ID207','MAMON58','NL0025',500,'ml'),--
('ID208','MAMONBJC1','NL0016',1,'trung'),--
--món ăn thêm và món phụ 
('ID209','MAMON39','NL0019',40,'gam'),--
('ID210','MAMON41','NL0002',30,'gam'),--
('ID211','MAMON42','NL0008',30,'gam'),--
('ID212','MAMON43','NL0015',5,'gam'),--
('ID213','MAMON44','NL0012',60,'gam'),--
('ID214','MAMON45','NL0006',30,'gam'),--
('ID215','MAMON46','NL0011',30,'gam')--


CREATE PROCEDURE PROC_REPORT_HOADON
@MAHD VARCHAR(50) 
AS
BEGIN
	SELECT nv.TENNV,hd.NGAY,hd.TONGMON,hd.TONGTIEN,ct.SOLUONG,ct.GIA,ma.TENMON,(ct.SOLUONG*ct.GIA) as THANHTIEN 
	FROM HOADON hd,CT_HOADON ct ,MON_AN ma,NHANVIEN nv 
	WHERE hd.MAHD = ct.MAHD and hd.MANV = nv.MANV and ct.MAMON = ma.MAMON and ct.MAHD = @MAHD
END


